<?xml version="1.0"?>
<!--
/**
 * This file is part of the Klarna Core module
 *
 * (c) Klarna Bank AB (publ)
 *
 * For the full copyright and license information, please view the NOTICE
 * and LICENSE files that were distributed with this source code.
 */
-->
<config>
    <modules>
        <Klarna_Payments>
            <active>true</active>
            <codePool>community</codePool>
            <depends>
                <Klarna_Core/>
            </depends>
        </Klarna_Payments>
    </modules>
</config>
