<?xml version="1.0"?>
<!--
/**
 * This file is part of the Klarna Core module
 *
 * (c) Klarna Bank AB (publ)
 *
 * For the full copyright and license information, please view the NOTICE
 * and LICENSE files that were distributed with this source code.
 */
-->
<config>
    <tabs>
        <klarna translate="label" module="klarna_core">
            <label>Klarna</label>
            <sort_order>399</sort_order>
        </klarna>
    </tabs>
    <sections>
        <klarna translate="label" module="klarna_core">
            <class>separator-top</class>
            <label>General</label>
            <tab>klarna</tab>
            <sort_order>50</sort_order>
            <show_in_default>1</show_in_default>
            <show_in_website>1</show_in_website>
            <show_in_store>1</show_in_store>
            <groups>
                <api>
                    <label>Credentials</label>
                    <frontend_type>text</frontend_type>
                    <sort_order>5</sort_order>
                    <show_in_default>1</show_in_default>
                    <show_in_website>1</show_in_website>
                    <show_in_store>0</show_in_store>
                    <expanded>1</expanded>
                    <fields>
                        <api_version translate="label">
                            <label>API Version</label>
                            <frontend_type>select</frontend_type>
                            <source_model>klarna_core/system_config_source_version</source_model>
                            <show_in_default>1</show_in_default>
                            <show_in_website>1</show_in_website>
                            <show_in_store>0</show_in_store>
                            <sort_order>5</sort_order>
                        </api_version>
                        <merchant_id translate="label">
                            <label>Merchant ID</label>
                            <frontend_type>text</frontend_type>
                            <show_in_default>1</show_in_default>
                            <show_in_website>1</show_in_website>
                            <show_in_store>0</show_in_store>
                            <sort_order>10</sort_order>
                        </merchant_id>
                        <shared_secret translate="label">
                            <label>Shared secret</label>
                            <frontend_type>obscure</frontend_type>
                            <backend_model>adminhtml/system_config_backend_encrypted</backend_model>
                            <show_in_default>1</show_in_default>
                            <show_in_website>1</show_in_website>
                            <show_in_store>0</show_in_store>
                            <sort_order>15</sort_order>
                        </shared_secret>
                        <post_purchase_api translate="label">
                            <label>Order Management</label>
                            <frontend_type>select</frontend_type>
                            <source_model>klarna_core/system_config_source_postpurchase</source_model>
                            <show_in_default>1</show_in_default>
                            <show_in_website>1</show_in_website>
                            <show_in_store>0</show_in_store>
                            <sort_order>20</sort_order>
                        </post_purchase_api>
                        <test_mode translate="label">
                            <label>Test Mode</label>
                            <frontend_type>select</frontend_type>
                            <source_model>adminhtml/system_config_source_enabledisable</source_model>
                            <show_in_default>1</show_in_default>
                            <show_in_website>1</show_in_website>
                            <show_in_store>0</show_in_store>
                            <sort_order>25</sort_order>
                        </test_mode>
                        <debug translate="label comment">
                            <label>Debug Mode</label>
                            <frontend_type>select</frontend_type>
                            <source_model>adminhtml/system_config_source_enabledisable</source_model>
                            <show_in_default>1</show_in_default>
                            <show_in_website>1</show_in_website>
                            <show_in_store>0</show_in_store>
                            <sort_order>30</sort_order>
                            <comment>Should not be enabled in production. Sensitive information is logged.</comment>
                        </debug>
                    </fields>
                </api>
            </groups>
        </klarna>
    </sections>
</config>
